{"graph": {"_type": "graph-file", "sha256": "62f06b228376de1f211167bb347bc7f57e6f3d7650489475e0e38ef793f2ccab", "size": 122643, "path": "media/graph/graph_summary_62f06b228376de1f2111.graph.json"}, "epoch": 29, "_timestamp": 1697889817.9020529, "loss": 0.4315963089466095, "accuracy": 0.8497759699821472, "val_loss": 0.4097701609134674, "val_accuracy": 0.8655914068222046, "_runtime": 1991.1500627994537, "_step": 29, "best_val_loss": 0.40964603424072266, "best_epoch": 28, "_wandb": {"runtime": 1975}}